Group,in.month,in.year,insurance
1,Cash prize in a month,Cash prize in 13 months,Cash now
2,Cash prize in a month,Cash prize in 13 months,Cash at 65
2,Cash prize in a month,Cash prize in 13 months,Cash at 65
1,Cash prize in a month,Cash prize in 13 months,Cash at 65
2,Cash prize in a month,Cash prize in 13 months,Cash at 65
1,Cash prize in a month,Cash prize in 13 months,Cash at 65
2,Cash prize now,Cash prize in 12 months,Cash at 65
1,Cash prize in a month,Cash prize in 13 months,Cash now
2,Cash prize now,Cash prize in 13 months,Cash now
2,Cash prize now,Cash prize in 13 months,Cash at 65
2,Cash prize in a month,Cash prize in 13 months,Cash now
1,Cash prize in a month,Cash prize in 13 months,Cash at 65
2,Cash prize now,Cash prize in 13 months,Cash now
2,Cash prize in a month,Cash prize in 13 months,Cash at 65
2,Cash prize now,Cash prize in 13 months,Cash at 65
2,Cash prize in a month,Cash prize in 13 months,Cash at 65
1,Cash prize in a month,Cash prize in 13 months,Cash at 65
2,Cash prize now,Cash prize in 13 months,Cash at 65
2,Cash prize in a month,Cash prize in 13 months,Cash now
1,Cash prize in a month,Cash prize in 13 months,Cash at 65
2,Cash prize now,Cash prize in 12 months,Cash at 65
1,Cash prize in a month,Cash prize in 13 months,Cash at 65
1,Cash prize in a month,Cash prize in 13 months,Cash at 65
1,Cash prize now,Cash prize in 13 months,Cash at 65
2,Cash prize in a month,Cash prize in 13 months,Cash at 65
1,Cash prize now,Cash prize in 13 months,Cash at 65
1,Cash prize in a month,Cash prize in 13 months,Cash at 65
2,Cash prize now,Cash prize in 12 months,Cash at 65
1,Cash prize in a month,Cash prize in 13 months,Cash at 65
1,Cash prize in a month,Cash prize in 13 months,Cash at 65
2,Cash prize now,Cash prize in 12 months,Cash at 65
